<?xml version="1.0" encoding="UTF-8"?>
<!DOCTYPE mapper PUBLIC "-//mybatis.org//DTD Mapper 3.0//EN" "http://mybatis.org/dtd/mybatis-3-mapper.dtd">
<mapper namespace="com.spz.demo.security.mapper.UserMapper">

    <!-- 通用查询映射结果 -->
    <resultMap id="BaseResultMap" type="com.spz.demo.security.entity.User">
        <id column="id" property="id" />
        <result column="account" property="account" />
        <result column="password" property="password" />
        <result column="name" property="name" />
        <result column="status" property="status" />
        <result column="is_deleted" property="isDeleted" />
        <result column="version" property="version" />
        <result column="gmt_create" property="gmtCreate" />
        <result column="gmt_modified" property="gmtModified" />
    </resultMap>

</mapper>
