<?xml version="1.0" encoding="UTF-8"?>
<configuration>

    <!--日志格式应用spring boot默认的格式，也可以自己更改-->
    <include resource="org/springframework/boot/logging/logback/defaults.xml"/>

    <!--定义日志存放的位置，默认存放在项目启动的相对路径的目录-->
    <springProperty scope="context" name="LOG_PATH" source="log.path" defaultValue="logs"/>

    <!--  本地 在控制台打印日志  -->
    <springProfile name="local">
        <appender name="STDOUT" class="ch.qos.logback.core.ConsoleAppender">
            <encoder>
                <pattern>${CONSOLE_LOG_PATTERN}</pattern>
                <charset>utf-8</charset>
            </encoder>
        </appender>

        <!--默认所有的包以info-->
        <root level="info">
            <appender-ref ref="STDOUT"/>
        </root>

        <!--各个服务的包在本地执行的时候，打开debug模式-->
        <logger name="com.spz.demo.singleboot" level="debug" additivity="false">
            <appender-ref ref="STDOUT"/>
        </logger>
    </springProfile>

    <!-- 生产环境 在文件里打印日志 -->
    <springProfile name="prod">
        <!-- 控制台输出日志 -->
<!--        <appender name="STDOUT" class="ch.qos.logback.core.ConsoleAppender">-->
<!--            <encoder>-->
<!--                <pattern>${CONSOLE_LOG_PATTERN}</pattern>-->
<!--                <charset>utf-8</charset>-->
<!--            </encoder>-->
<!--        </appender>-->

        <!-- 日志记录器，日期滚动记录 - 只记录ERROR -->
        <appender name="FILE_ERROR" class="ch.qos.logback.core.rolling.RollingFileAppender">
            <!-- 正在记录的日志文件的路径及文件名 -->
            <file>${LOG_PATH}/error.log</file>
            <!-- 日志记录器的滚动策略，按日期，按大小记录 -->
            <rollingPolicy class="ch.qos.logback.core.rolling.TimeBasedRollingPolicy">
                <fileNamePattern>${LOG_PATH}/error/error-%d{yyyy-MM-dd}.%i.log</fileNamePattern>
                <timeBasedFileNamingAndTriggeringPolicy class="ch.qos.logback.core.rolling.SizeAndTimeBasedFNATP">
                    <maxFileSize>10MB</maxFileSize>
                </timeBasedFileNamingAndTriggeringPolicy>
            </rollingPolicy>
            <!-- 追加方式记录日志 -->
            <append>true</append>
            <!-- 日志文件的格式 -->
            <encoder class="ch.qos.logback.classic.encoder.PatternLayoutEncoder">
                <pattern>${FILE_LOG_PATTERN}</pattern>
                <charset>utf-8</charset>
            </encoder>
            <!-- 此日志文件只记录error级别的 -->
            <filter class="ch.qos.logback.classic.filter.LevelFilter">
                <level>error</level>
                <onMatch>ACCEPT</onMatch>
                <onMismatch>DENY</onMismatch>
            </filter>
        </appender>

        <!-- 日志记录器，日期滚动记录 - 记录全部 -->
        <appender name="FILE_ALL" class="ch.qos.logback.core.rolling.RollingFileAppender">
            <file>${LOG_PATH}/total.log</file>
            <rollingPolicy class="ch.qos.logback.core.rolling.TimeBasedRollingPolicy">
                <fileNamePattern>${LOG_PATH}/total/total-%d{yyyy-MM-dd}.%i.log</fileNamePattern>
                <timeBasedFileNamingAndTriggeringPolicy class="ch.qos.logback.core.rolling.SizeAndTimeBasedFNATP">
                    <maxFileSize>10MB</maxFileSize>
                </timeBasedFileNamingAndTriggeringPolicy>
            </rollingPolicy>

            <!-- 追加方式记录日志 -->
            <append>true</append>

            <!-- 日志文件的格式 -->
            <encoder class="ch.qos.logback.classic.encoder.PatternLayoutEncoder">
                <pattern>${FILE_LOG_PATTERN}</pattern>
                <charset>utf-8</charset>
            </encoder>
        </appender>

        <!--记录到文件时，记录两类一类是error日志，一个是所有日志-->
        <root level="info">
<!--            <appender-ref ref="STDOUT"/>-->
            <appender-ref ref="FILE_ERROR"/>
            <appender-ref ref="FILE_ALL"/>
        </root>

    </springProfile>
</configuration>